Address,Balance
5E4f1N6XwcvMNratqEjxrRcPzi3h4FR9b8zRXvVG5zNRtqHk,31657000000000
5DwXnSMVwLXBZoEfJDw9LMXAb1Q4pv1yp8DrFzNWqAzuJHPo,369340969000000000
5CX7Ghx47ffcaRpTL4nVAgqWixmRrYsCXDvHk9CiPU5RP2kN,50010143000000000
5GEypvLpxoFCqP9w4T77abTup2oVBegVG3RNqtCyQn2ZNUo1,187193000000000
5Ew3WzTKqnrVwYj5AhG2pE1GKV3trEFvFtwnset3FC5UAD8e,15488002000000000
5CJFn3oKXXdW5DsniUS9tPeR87ByL35KXRmTtheXP1y9K4rr,136476000000000
5CrMzQKwRLVF3v8fxVEMrwLvJ3uY3T3or54hP24V4JrTR7kC,1187908000000000
5CtmkNK4u3DmrmUXgD8xzDn2ssWTbnmJAiy2NcHW2NwfLjtS,958910000000000
5EXQPNVqpqPkTa36pnGMqB1H89uoEVfvofvJdCXpxgkfeGD2,145937000000000
5ELAzj1dUBbyToyWeeT3UZADTGvYMkHAH2ZESgnJT8JSYiBY,11666981000000000
5Fy7scgHx7zuPx2cUJQU7i665mrcY3psBQejorVDWt59Udvc,6271993000000000
5FBiyvUTvuQ4i1c3oZ3cynAcSBsLopoFRHQsf5VQ1xaPYtdd,183523000000000
5FTUyJA23YuwMeb1hmyaj1bvPF3uVEHUmvEp2uoZY5cecV55,229679000000000
5E5793dK4WQhV8pHJBEipXSLiFawVigMaUadiSh7q8FyNeTj,117042000000000
5F7GQsrk5SZDLd9WXRAHspe3utRyZ8Yz8ojXYLCMfUwKB2gN,642332000000000
5EkXaXqw25zJQykTTDBDhDykqcQA3Hgr2LwxmLaVaRGsiZxE,262438000000000
5FqfbWcPJLFTfrfqSdDR8EkLBEFD2v8U2UeMGpRfGyp6iLDW,550569000000000
5FDoP7KvSevfPJQJDmaMz65RGU82UR4HNstPAf2zj5sbivw7,220686000000000
5EsPXJ12hTpu5NJoWYWzkoG6qpMdbaWULRFLgVjpWgZfJ4ML,780066000000000
5EyErcfEJTjKJjE4tDiPZNyAhCAqpckkNPo9Ncjod8yhZr7Z,2661000000000
5HET4S1r3bvB4xbe2dGnABo4zAdyMmpiM3XNNYc4AeWMrf3V,306464000000000
5F76TmCYnXcbFP1Wp33Cpry8FJ8n3UgrkY1LnNEXfujLtHdb,10811826000000000
5FE6qCdu96E7ySAJs7Ze2hsut1L7KxxR5ANsudaxmSmmWJkG,183523000000000
5HbaWf68K2eRAYRLJHR7yBB9NhUztPLQMUkhiKjkfFm9ovHQ,101396000000000
5HL9EiCNtPVF9P3AKSSk7cMnpGpE7dwtn3kA1jnii5z9yusk,18352000000000
5CcobbTouauQqRYt5L1JHzPKgDDaQB7mhL8Ji4cnS95XT5B5,1262779000000000
5DF73EpsB5gp718AmLbBLkJUQB3DTMntBRXyPWov6FyFTmjS,531208000000000
5FvHqNeXAU7ZAL1gHcoDksWy269xeDoU4QosEL3tV28w1SSq,36704000000000
5Do4d5ofgPfrC7DbSLjrRhFPtv1ky1GMSqcKFb3dfqHdwub4,917617000000000
5HcAfRnfSkxWbdHhXhVfUxnBuUn8S3CFA21ZUpBFpc5uC2yK,139936000000000
5C7mqyPpPcPe6ePSVGQzqMnLcLRZDSwfiysx2wo8628NPMkQ,91761000000000
5CLqAnGsrxFm1mmyqNVvqjsmoQsm5vmxm37tF21yzsm8GoiP,110114000000000
5DU7hGbHATdj9bzvviYrKHsGK8XdupXdNzu2GxGZUyBJ1LAc,24960000000000
5D5ahurXAD2pLhhojoZWg8NGjKEjpAR3ecmjZuGoUuHJvfLq,183523000000000
5DCTEmqGFbDKu3HzVD6tkDenN4XzbkPuaxnYrUSx7Pf2fhHp,137092000000000
5F7PZWTmJz3cTCsXQLK6Z3nboqChzgjXVjEQcS6rAErKAQQv,611045000000000
5Dp7tAeYeUftRSKFtTTep76u4Cwne4mEdQscmw37MVrtvcS8,407422000000000
5CffrX9JgCfn8DEoTLA2VDkaRULRJ4uAF22ib6mLrg1PXQQc,940557000000000
5EsYR6TLnEtrk6R6vsLHDFDucqGeLn7DEJS3E3LJKEMDqFTo,204812000000000
5GHMnCUinRjGJnDo7B2EcroiKLgWkYDnwyvatarM97ofnnmD,37897000000000
5HZA3X4Q83NcJmrbDjyaxPkdjrwbTwNsUgEAEBUyKDZLRQ9U,301896000000000
5DA6n2fyD1z5UYmCytM3ANfEE2bGS9TZgFpPYzjNgsGY88gd,1011856000000000
5HdcW9ifDdWorQUQwv2gukkbpFGzgNCFoPxwYBoYm81aUk24,45880000000000
5E7G1sBRp6LKMqfKbWHX5T5TaiEVx6XHESqeom9NCX1ogJKE,45880000000000
5HDrsfTcvyLXikz22KTWhjSuXZCXLA2fKWAaHcuwDtNJPZkR,129567000000000
5H1ovaBtbjSRxaHqNAZpjdeMjh6obADq125My4UxaaWS2Hxd,669860000000000
5EU7UvyhGm7YpN3sb3n33j5ELGs26ejDnefxjM7q7BGs1RUf,9176000000000
5ESF4gVwNcR5qNSXWwvXzhYf49s18fpz8KMZX3Bm72rJHxwq,4468796000000000
5Fe2h64JQRXXxRYpeDaK4MW5XezDwvtSP5b2Yxq4JMXsyFnN,477161000000000
5CkTgkHvCKWNvfHhJQPNpE6NnYutLpknnVa31neWGrkFVVFr,183523000000000
5Gmsn5BVNaqD1TrTffjKMqRyuKWJ9QNjWLRBpbKahoEsxmkZ,91853000000000
5G77x3bHdSwL2Vt1nZBiCawB6hLjohsubwr6P5KtV9XZw2ck,18352000000000
5Fj8S387MhyLSkyinB1wrSzEieVSWiw24HAmu2JbLHqtFxd6,42270000000000
5FWd7d4YXESPCtKM6h3m34KTcscouYyrx3vhdeQ9VpmawQL4,93711000000000
5Ehfgf6x8RSpBbjfA85RasHcsdTk8A3aPrg3mY236qxd7mKc,270697000000000
5CJJZuy8j8uBnfyVaQYMfvmBaTV37rdDRm2RMu6wEo4wQsaG,2752209000000000
5FfsYBsq7SB4QmqAiHajw7wXoWxayfX6kScnxyTktEZ6dGCD,183706000000000
5D26mpb5TwzzjQEfwbZ9UrvthwUUBFVBfH3aq7ocFKciNbmY,215063000000000
5FmvTUXLMkzuMCU5qcoUET51jdjAWw8YYndTYcu1chXxNwav,91761000000000
5EhazTwf8sM7D5fPX387vuv3SN9CVwn3c6LgEDpPFR93Yaez,367046000000000
5GgjJBUkdMTQJKmRTQx8BCpi8bywwJsiBTZXzJms8efZziVZ,366404000000000
5GWpCwEsujBaJJX6gf7HoHw7efLfA66f84pV1g9z7dekEi1r,126631000000000
5CAy2LFQktbq74miZ25TnQ2EYxvNJMyCupim5vASNkPiEWmd,33034000000000
5CqK6EfXoAhiyq4EU2yqzk4djSJ89KiyoEbYybnfJEtifh7H,1816882000000000
5CCnHFNBbQZMBoJcJHdYTrdYgBCRARc411X8ZnB1aLFpdRkQ,4480633000000000
5F9qjtfGQLvdSMXDwYpaKgUKu5YpVCu25uxHZveUqn2betNH,419901000000000
5Ebb98WtGL9BK3fcC59oJjx1SVMwk5dSSt2jRpDt9Hxquw3b,53221000000000
5FtE2Tndzf76mY4uf1uLfgPn9fdGuxM2j1DAebJQzrpATPpc,16058000000000
5Cnq6rH4qJVE9EDEiLoM9k7sLxWZLtTF5bipdTEwdK7Ae8kY,642332000000000
5HWLLQUFdSpJsry3dY9rUqsoPZfnihaTrXTLYDMuoMrPbKvU,229404000000000
5Ec2eNNXoArf9wFbz2DfmNr1wD3VaymiNcQLq91vJFRXb1C8,9176000000000
5GhU9AvwSX8cECKZYXsMGu7qc3TMhZgf4G2wPayjc8R2vo7i,183523000000000
5CVKgtyEKBx5Ug6ZQrgYK7ima96oVpH9pRBLAEA18G7vFtgs,27528000000000
5H8VrnH1HUwRHdc8xVTHMGEdHVmazgqwUeizK8pQDvzRbnDy,91761000000000
5CsJqAYLRmiiSe1e7zp8dRCioTpde4BZPT9ce4FctwzGkFMh,183523000000000
5DA5KihcxLihE4YbNPFZawm7HBrmiPtneHnKR9mCs9zdnZY7,204169000000000
5EeizdXnwNjKhr4o7gTFVWr9wfyo23rnSVVgRheLn5Cp8v5q,27528000000000
5HYkAqG8A8wHDDDjAmgEgknW4vM5ccphLMcT63bM7nbsgcGU,64233000000000
5FZEkZzr9592EWmNhBCjK6RXBdfEeGzk5SCQUJ4M2iWYvQLx,416739000000000
5FyHfGj5wYY5HeymvHhKTEhDsJmmHS6kJ8sxXiibyQpzRGoq,2115107000000000
5EneuFSi3vNYxXe7cxeSd5GnNKAeDe4QPpuv2wugMXpSR8MT,321166000000000
5EkirNKBaHhjFRav3uYueCbQjU24Kwy7s2mUJXpj4Q8CHb8n,132290000000000
5DcJ8XcNoEinF8UtgnWwYm8JCUGNz3eDBtV3zzGx3DkPeMpn,264182000000000
5GVsimYVizKGw1sWcRY3ugyha3ohenC4Ak1GwCRfFv4Rz9F9,367046000000000
5FfAGZyWa3DVevoMEgEhcgKxnLoUBGnbWHCZA6CzLWcRq6PE,1564078000000000
5CR8G6UVn6ELfLkXnCUczPA5JXf7nKXSyMi4AL8PNZGXphyX,146818000000000
5DHwpthy8NX47yvFH7s3J57kLnUD8P9KvcmwgUJRtBKLLdPa,9176000000000
5HdGzb29WrqJV126yfxyB9HL4C5NZcESZhsvugNjjTgMVrPe,64233000000000
5GvMvBw36BtejPNQdxrBib5DKq4BAZYbrUSq2pc4R3J6xVVp,201397000000000
5GhD7Ntbxy2vERGSufgjq9hV2g4FoCQevWWtpfgSpkjiw4Lg,45880000000000
5EyaBfUFL2BiYp4fs9JRyasAmVghYva8pjbm21q4t38ykri7,36704000000000
5Hg76YbCaGLimk336KfkqxUE5LSphKVrcajNNp3P6t2LXZCQ,13773000000000
5EAStrunxEekhA9dtvfM1S7qatxCoB7jiqEJn3DAWJRHXtKY,36213000000000
5G6WwaqNunCcWzrWunPXkRkUbi4N4nmXqys7y5zaiDZi24P6,316577000000000
5E2mLvDTdyFx5TvwgPzVdDuLVVcKz43N8eE2QiSduYaBrZtJ,1495844000000000
5Gx15L14FYRU1GYpM2MEesm81x2LiyDA7Rymc1VTtsFLU5SJ,18352000000000
5CwhoFpdPaNNNamEsqAFBLuy3acy9DPtUXzCzRUsGXWK54Fb,9176000000000
5FBnch1yxo8MUKBRoZgnf54iwb47RM9gx6CXGMDEUd5rTp6Z,29455000000000
5FwoEXxYj63xxVAGiwxoKE3HmzPBrkByZ1M2cuygkSrmTJfv,917617000000000
5GKMkGMNoHp3Fgy4mVrvexyMspxbXGtRGo8iJM98KYcJxrUh,28275000000000
5EbqZ6eu4mq1B3QaQhykkLJZ7hSgRmAqdXqzG8do83Rht8bW,13764000000000
5Cm9UfyBZDPPrRHGJTnq7szWWqMpkZAtEsoyAcqqvkYEND6U,18352000000000
5C5nffX1y3DZne3ut4Y8KYLqKLLx7PQi85A78bAmJDpdTf47,458808000000000
5DcXG94ouw9AdUUC4cYdwQ7bFAVajymJR2LqeZ8JboeuxXtE,73409000000000
5C5AfriAKwtkxAdyRK7UYw7rq9EJwZGvhGvyJ7jdBFtv3Pj7,3165779000000000
5DSBour2GTVxHuxqtLyrp4DUxV33npbafEt1PX4fwt3cbwTb,31657797000000000
5E4aiRQrRpnbTQWPFZrqJzruK7Ftb4GCLmbkvd5rmZG4af73,30876905000000000
5DJGuRBBMVmtD94ftSznw2hQqSEhEQ2g8EQcpPbBANsJKLdv,5856692000000000
5E58bch22HQ9ivXskC2PPPtZHzvHL4tKNgJBCeQ4EJ1jFAsy,425608000000000
5DCqWN7w5KvjYYpZqGaA3TXg3tHQ5K3sCJWjN2XFiwafB9oQ,52762995000000000
5HmCvKAVkCLTZvohUrJn55MkdnWJGHpKFPjnUpJhvf6gdVN8,3546734000000000
5EfCRN9xKLvi28UZmuqqG2jUmyoez1A2CnCRBsqYnuuQJ9xz,6319944000000000
5Eh63WVsTsq9NDhuRQCC8d376H5wbteTbZdX913HSY4cmBgP,42560813000000000
5CXhBaMSwN9JvzJcehEaohYQczEnyptZgnD7tsjtnaNx9Yp4,42560813000000000
5Ebm8Tnumy2FzJmNMU8xPGCcP3ZHmJ5ejJwL6sZzeo8CpdW6,42560813000000000
5G4g7a9JZQkQDJEKmb4vHvnvmZh9LwA6nonGpbN5WmXUwC4H,40013180000000000
5ELMY6ag9ebMRzAoihUMkNen8dLiV2vKxkeJjfKGVVmRDyXX,12469079000000000
5FHAADT1XMPZCs2zd61uzx4h2Mbc4rruyeUGvDbT2ccAg2Mf,68323723000000000
5HDxC9wVPShJZ3UD7mF21pysMFL8qmYDSdspaeY1tWtZQGcK,709346898000000000
5CMJDgKDu8nhWYncombDfFUqYpR6k6vu9MuxnPXzEyyuUjKK,18994678000000000
5EnRooniNirvarZq28TeqZr4JBdgZgVRniAi2vBa1n8Prjmp,2374334000000000
5Evuh9zzGbm3VCpoGMZcByEMkjqwYXTHtH89sZ11nWsU3vMi,263814000000000
5FWwrbagQnTjzjnzkgDNdi3cCKCqo2EqsHNfsmRLFEVqzdwB,105525000000000
5Euxfye1yP7ZEKCzwof63JE7fNcTqbng4nmBer73fykdYRM6,16425000000000
5Ck6PMg5wNnZ44EBR3oqzTgsSHx6cD1pZ39WbGZiTG969kgz,532906000000000
5G3jML7ffyK1Lb6cA3LPmnYv5MbvLmmqokCV1bDDbg5wYkcn,17679274000000000
5EoDpN22VY2ffx8KqdV9jFQufE9MCJS1swEnQaHwm5uYsLep,115762000000000
5DFDugvDXc9MHBq6aNG18tSXXC47KznTRN9uvEoP233KSgwo,3376831000000000
5Ckrt2rXpGNP84z8doHbiCoGTHZmUqUQrmmkQ1piiPg2X2kq,9818000000000
5EXZqBfxq6aLC8QPmeWKa5RZvMJmBTrzBtMfWyR6TUVvi2ZC,231703000000000
5Ge2ncAmQhuUTeM4r3qQPZ5qHcRBnDKRDwSWeUzEXsXRVkNu,16894000000000
5Ci4jZwXvQjQrS14m21GqiMtoXpC7ekLZLb6Lp26ogxup26v,10460000000000
5FvhtnEHfsjWrNNgCrPZEiR7u889szGgBvQMUFgJwMPcocAP,86094000000000
5FeN5hRquuD8HdXY11KM55PiMaCp7raZzvP6vbfA7ef2uJmy,1143057000000000
5F787L37mP2zvyQvzK3EkkzCof2uHvqJMLC1CQsJHQb59bLx,147845000000000
5DG5tLY5P5oGKapDvT9VV1xGraKB9MgrqLeTx67QSjdGydqa,42210000000000
5GEtCDtkoCEzzCxqX4xaxKtZeuKW1VS1PiAmtvFvoLHWLYBw,25326000000000
5C6hjPBaMCfEhuPaAnmNyVP7rtP6ok7oTXbHKUyRE5b9fp7x,1108022000000000
5DXWeEgLAoRd2JV6Mm7vGAqzyD9iwv2UM8nwGPudgpc6FuHH,1055259000000000
5EnNE6WgdmSUAP4Zo8eGXbvxmfMpiHgsBxZtJurMtt52gSos,105525000000000
5GdjnYnaA3RfbetmG6RwmdwfvXFfBndhQYyX6vJ2M4pFv44u,527629000000000
5GsMUute3ZBMSDHSPYsXuC9Hg1U2LfS9D9yK65cPd9GDRozS,1411937000000000
5E7swHi3RpPvdfKBgRgxA8iqoGV5y3T7xt9kcrq9f6u4HKay,106634000000000
5Ck871gZ9tuLZ3FPmrDXDUyNrwbsDNnpVVvQCeLJRMXgt3bk,157830000000000
5H4fMnKjYyHWumPHjsqkhu3vbtPwMNZER4yDXVimz5qxaK9C,63315000000000
5CaUo8Hr78vEkShzxHj2nG4atZ7Z8acBvW4Zo3JtWt5fPdFd,175173000000000
5HdTjjFrfovvcPFBTVS3tHTUCn5kMbDjKh9VTKss3KrJmk8X,211104000000000
5HSomNJF2tSA26xFuQpUWT1jQ6zg4VCsV4vcShNz1DAwEkB8,10552000000000
5FjcTi3XxGATFftBhm8nmVHRjsREuEjZ9ksXsyfQ3zx5d2mb,8822078000000000
5G25koKMmAtV9TSvt8F4xyUvYe11PmiHd7VSyd17g4btL5AE,527629000000000
5EivqrGawFzHUJm3NmwkSX4bQU93iHPZ71xbf11MFCzxHhGA,620708000000000
5EA4x98T84jJXvmFk51d8AJNGH32UokM9btY8R33uaUDygPx,9128082000000000
5FEqCnb6xsLzfpWGZf4ee8oNGoUVydZfNqMnJioFA3LLPW7Z,20680761000000000
5FWUcU8xvKR3qcipBaxXADcfXqhsaWA25jRBmAB5rAw73rnx,18023839000000000
5EtSgg4WdR5eFiYnfVLHRaL2YpFtWTjcqW8aUreLmnzioN9G,1061682000000000
5E1ddtmAH9KtYkCStfLru6Y3DJThKBna6nycG12jRRVKXLhA,432339000000000
5Ejx8bWMFohZpmdwpbEvi29oxSAyY1H2KmKwXbmxaCzDCRmy,949733000000000
5CwVSo8XjTv1ZSThqsetiz98pLGZnGYfAyCSNy6tSvRv2Ayq,10563151000000000
5DAD1dmxeW4zYn9mPwS74dxEypCBcJNk6sWBxdKSr1Enu3q7,518027000000000
5GvBFG28MdBioBgMd5MoJRQ5oUz3xcjFPYKuTbJog9PDbA6X,4643143000000000
5CiMHoSP96NDb7AEgyayqLUCCeAt4nqEN9doBjhiWbat6tDp,226880000000000
5GWrsyTYJVEQKkuzRh6C4j69x1PhVZ1miN6pergCJqaZp7Vd,189946000000000
5GFNtx7wsALztyJCcLi43uBhqBfMbVtHBs24C1hj3Sh7o9Fd,42210000000000
5Cp7f9YZXfay86SZXj2gAARisVmR3YXH7nHpxrSoLaYoShDD,63315000000000
5GYsAYbuXQFK7ajk7GrCcRKCHTW7dhcQJbvNv1pVK1r6xXGz,105525000000000
5FC5zR4YvgxsHvSC5EMLH98Vwnn4CuYsXfkBpPdB3xc2GmUt,316577000000000
5CXEo56v3sbtRUGoMRRxNZGkpvu4gGVZkQ3vk5sKtxmHQ2w9,73868000000000
5FA8PrYhFM3zTFG41aSENjS2D4eQ1f7WS4HgUeXi1cfj4Vuv,21105000000000
5HDtJvf7NXm1BdU36Duk7rTGHEM1RKvm1fWxuTWHcb7bX8bn,63315000000000
5FcQhVdNSYUgariNMWmZ4tcJa9mCnUYNwHrxbvtrAsJJRCnq,175907000000000
5GTkLBxTg61WPtTHUKQV8LUhpTQKcYmgQT5B1S4RH6sajbcU,211051000000000
5CPtiUZBqU4bkdJujsxUEPuko7DoXz422dhEBUQjAd24ty8F,45880000000000
5En7MJhMhnasxD52p8YGSsXuT8tyLpduuq4jTU2bK6tdBm52,142512000000000
5ED3zqBsqyCeWWpwu5G786zP8YBVAHu4NPJDBYTFMEi9cvbJ,154067000000000
5E5JUJszSvbNwBsAtY6u119ZBQBE8Rvfgk5p8GqU4V2T57h8,74184000000000
5F4GFnjz7FamCYhyN3CfcHmA8qPcFNSa9ptBSapHBFEVNYqq,822707000000000
5Hj9XpGchyCYzhnecPAVMnFyjS6FZjUBTjRmYyitWsdJ5eUG,7914000000000
5ERnSigc9NUb6TY8yUgXGe8TVXT2LSPwtJuHNBqx5nwa1uj9,2638149000000000
5DCY6tQZnvFySeA3b6kN42B2uYmjRVKprGe5rCDcgvwWJUhe,107021000000000
5ENzuYss9R3tJzCFbTp3MnoMwShTMpCP9dQ5DQ7Ve6SQdCpL,84420792000000000
5H6UyPrZVw5YiN3ARuWbWMVXWjBVq9qLxK2WDxGnQVYTcE21,4839421000000000
5F4EPdF1odrQnBVo6esNJ5M44YCwJYDLDEns4B2wraGWHQwc,529423000000000
5DoaL41Yvq3caE4wcyTaETrbuNvfeLJu8tKnfUGFJpXYsai5,22529000000000
5GTppaizT6RcpA2xt85f7oKZ1xy2qqeVhBJ9Enw4msYvbbG5,84420000000000
5GSd3YzPNqdCdxGTgCLX7SGyqLRrYCUxxcFaTHHv72nPsrxK,57534000000000
5EXG9iBYDZPWCjFhPuvHoaRiFPxdFGkUgFiqVPNmMxCuNfHg,527629000000000
5HjiEDfk9f4YenWuFpFjbc67ZWJr5A5paKzifc8BpHsSfX24,352181000000000
5HdJjEB9fevBMRjyrfGwS4guaWcqVPAbj5g6f8zn2u5uxCxx,2872755000000000
5ECnZ2j8L1cua4bbZzxJ5YMkdjMGWerBWes57Pd8uG2pBw8E,105525000000000
5D1qrTdWP7ZmWMpXwbQozg4Gctuwh2Hv4Gt5WSrW9GFXpgvy,316577000000000
5G6mJB94ho3ynPRFNsLSFNYbxcmai9abwkTe69WrFTYtvW3t,11063282000000000
5Hm8hDhfZj75WCYP5hLF4YesqdiPPmJ7Y7zYedUTJSrkAVyh,52762000000000
5CyTap5oN59dp1cYo927GRqwGQwwJsSSnca7yVpyh4GJpbQj,52762000000000
5H1DvSQVg8wGHiiP2ugdHQQUU7TUNAcL7cg6XYsnAFCDz63f,5276000000000
5EEbAZppPCNHyLZ4x5afRwNpZt4vea1Ps5ywfPj7fnXuSNqR,52762000000000
5FmrnAAyd9BvdTfB8VvgSrhp8tiUWushBY2PBhEYosXhdSBC,18442000000000
5F9URTb54JPNtZ9J4NLVfQ7zXYzvcPx52yk5Xsy7KT9VWRbC,2110519000000000
5CSasafZPeLqfEvxScR7QmhT7i4B2QPQy2sTAHicFHLp4kTC,45376000000000
5E6Nx7NSdbob6TVMiPAm365mFDzMdJtggvADXzWSL8XkC7YL,1107811000000000
5GvHRJAUeYyXv9YhZgBW19FuCQDfUUQuV8w4J8n4NGWGkA4p,242709000000000
5GQgrBZciG7RRQkWEoYfM1Y6YVuzfEcD5TMcPZPupR79yZ4T,105525000000000
5Ek1ZCuSP8JLKksJA98ujYNnz6zcPFqPispYPri2XYxGb8Nm,105525000000000
5CaFS1ENHZukZ6XSNae9pEJE6LtJ5gPSntcfbBQhLuirR3Pc,10658000000000
5ETpmJ4cNCqNEK1Tcsy6Dbh1od1PAY3GULZvY9eRXLTekBCx,316711000000000
5FeXtvbGNS8xguNrdWLbjinGjFJS3jf17QJu94nHQwsh2Qx6,92862000000000
5E5HcGFCZwpcSCu83W7WGsxX3JPVbRZzrNG74JPxD2xJB7Ts,1536334000000000
5GEzoyynkhWk7yspEjppUrFiZqAFR6g8wUYq6jC5Kb9dV7BL,928628000000000
5EcmpToowSBUmpdL7RLi1ExZexxGRhSAsg4o2KZk8aup7KdM,550570000000000
5FPRKZk6zBNUGQFWw8GXLaYW3cUjfUKR6CiAbP6sHbhF6fgC,3514015000000000
5GRVsXMJk3wXG3v2Bic9DHNfNUsdZYqNDjAXkuWYrFizZ22B,8350000000000
5GFAwtDAZ168ySRGhobDJDWctKgUNWPxrnU6sEbmJqLo5pbP,265723000000000
5CPPqo2VFLoziiRapAWcrMQgeXZFjKHJLsWgKRdemuCqZUK3,211051000000000
5FcWTwJQB9LU1xUeXdwyeaJsWSrWuFmMSSh38rYN4E3pYM6e,316577000000000
5FYynmbD54FqdN9N2j5jVtMvh4NY72yH9MyfMZeW5PRcRkCA,187836000000000
5Dr5Lvv2zBFYBKk1gdSNNVXvg3F2me8g1Tcw4ULJcKqv1UZa,211051000000000
5DCPJqHWNnqmPHbK79FA6PiSQcQD5NZYNTNsZkm4pqFF6T9w,42210000000000
5CFbVcEUvShPtTUGV5rhmwavYjKiZUnXXMmUTzyTnoWAYzPt,39457000000000
5Exv9GqyZAtohkaFH69d5vwZ7Qf3FJqrTgUECUAogDn4fc37,210313000000000
5DsFwkfHN3kQYyuWXfqjASbSa69dQX6k5HmRzxLWYzU3AxKU,20102000000000
5GNDw5y6iYiaj7Dd5bD48wxeD12xsNa3eEaeFytqLTTGkAhJ,21105000000000
5E7JAWBPunVQbWNUqpCpujd9eDBS4ZGZ9Gf8NvzdU6FQ6RRd,97634000000000
5G8ovmLGLfsB8pMsRxLEQE1hEGUR69Kx9KoTpQcbWQ5L6JsD,93970000000000
5H16xKeCVNGegX9VpwzXSobTQADKjDZWryiv62VD7tWHZk1g,146681000000000
5Fqff7D2kwtGMA7zXtHvXF25KTfe9bA1SbJTbjfSegtBgVQ5,84420000000000
5CGVdmhSAajkLF8JWuyhXMfHFFUBXn2mnvW7Pj6QNworeF5L,10024000000000
5E9eRmxfAfyTw2NnhHrN9PT5ZfUmY9jrYjAmqADNH6o2iSn3,73868000000000
5Fhh3Be5FD2qAKuTX1BvV1g7tj4N9HvpU3whw7KBHTnCCrqt,454220000000000
5FxxH7DihDAnf92Ygn5sb6VC2nhExbEi8v9BmT8yszkQenuo,18352000000000
5EhcJjGXwkHbxYt6hL9n7DfWKt1x1u1Nce12eESQXRcic7v7,211051000000000
5GX2EM73Xm441NFuFZcDfvKUhxCb9uWpc2eHSJamRbJnarWy,8717364000000000
5FvrQ11icGzfC1U6XmH8QFfZ6Cqtp2Z5cmhYjWBNc34iEaN9,474866000000000
5HJy25YrXRQ7kYFL9K6ZX2xsuQfv7fww8C6PDs3guiEZnPmy,105048000000000
5DLB96CJ62oWhfUiLNN36tM9KmpU789dW5qRzCB3PTg2VBYD,4588000000000
5FyRf5uYv3BGof4Fvtbe6Hz2dy8DDwBK3YP4SLfgVT3MUA4s,21155850000000000
5CJXwQXYDvR4tW7tmgwYkZaLmb3vGbMpCjsdLDvdxx3XF8HD,158288000000000
5HpPz9GjNYYTPVSHtGdhKtzyXn8zaxnWybeNKYoDPgrAUYtQ,54873000000000
5CVR1VjfLtbdCLxVirsH8Q5MK86sAxUz2sGQn4kXx24fRx7J,1853586000000000
5DLZrtfPv8eNhDxWfKo6NHMpCZk5Q2HHDwCKm8bpdDvcYLQ7,5413483000000000
5DZJ6SRxrCu639ga78JrwGp2KuPkT4Y3tjCs6nYBP1DQCsFJ,106634000000000
5E4Sc6aipNBWNLGVQGgHBg2dBTeypy9FoorypzawF9XrBoA9,73868000000000
5CZYvpppKAH41NcBUJgxk2ALWNs4H4SidhjN8ureQTLc9NFg,3165779000000000
5FFJwaGpY17S4ypPLgEyystvPV4xB99rkMZqE8z6Gk13vKAN,147377000000000
5HopfM7UQS1MxDbgaxtTzfRhsDvp88Lznj4EiXkPnsrGgen2,316623000000000
5EyhS7M26zN1XsWFRKxjerKc8uswdLJFcznnNo27YngDQBt5,74694000000000
5EX3DaEZTsXGJJGXLmCNSpi2MYzDQNhpv4CHQsyqAsTus1fX,211051000000000
5GTJ2wxF5fMdcKAgHF19pNCSZJ3RdubkvHRwadj5dr5V3Meu,30391000000000
5DTj5mLBJyzazsE6qunehuC2MsZTzrY8q3X6syG8Jcs6vtNE,514306000000000
5CyXUWNUnsgxhQLnKZfj5UGD21yu4F2StMKEm7iPWvanAD6v,201132000000000
5Fdvs2pT9Zy3BBasHSCtKwUE8ksu5BgoHTHknyWXS3saRYVY,302813000000000
5GguW3gM6mZ9vdTfV4MbaYbrHGieP2r7ZksqaP71HxutDqUu,1192443000000000
5EKy3GgUNfbRFw9oTeXyTCvUh8JUTX9XYjyMmxyKWJUyWoMP,63210000000000
5CQ5NA797aHQ25sDStJR3gpSG8w5D4gp14c2sUFbsnegC2VW,5206957000000000
5DgEamtNwmkJJF9YnfdcT31bUsAbD5qjEQfQC32s7p5VntnU,642561000000000
5C5frup5zqizAsA4ncWURtqkoY8cS6mB4M4dP8Zb4R2DWLYb,105525000000000
5DpzVepFx9ySNus82cSwyHyakJg7uKYiRiGo54MRpFEqKMps,257627000000000
5Fkah7Udf7RaFxUGYhfYXc9Ezkbu21o3wXqotuzy2QPMojfs,67536000000000
5EsmwQA2fLaxHt1CjsKswPHX7YxsiK2XcUQv2imMRPWYya88,118693000000000
5D7NsWyHvB1KY73MDi9YSmaaKuJgnoVsX3uaymHzecAAK7Uz,28961000000000
5C5CHDNR2mgsy48eopGp1BcZ29EYM5dxMBNEAe5VpX4cPjKY,825000000000
5FCutkHRUoBeCtgboeixp318Kcza9ho6sdKc18TKkpiN87gt,27528000000000
5DGYSRc7t8CLKvGGtt8nmGiLX9ubZd44MwTkmfB1quBMb7Av,183523000000000
5DLTNy9G7BA9gHeNLVjReTU8C2emiqpA3utNx8K7CQVo1cSD,27528000000000
5CnjZ9SC5PKjVzh9ghoXVFg1iiNQeuyro6h6H4FAjbKBgnxv,73409000000000
5CDfUj1yugnJW5efLomjsZpxNDRDtmEj75WFPUbikRnwbLxE,91761000000000
5DGYyEu2hs7jZ2k8ZdkAEvDRAqE2chkeT4t1LauS8vevV3ki,188157000000000
5E4BGLKrDhaUvLR3UYpR6tNWf7g7Kr1mex7r2e27iVaZ31Lz,458808000000000
5GL8eH5pTmdxAww25T9h5M162MByunY2etQ6xeJFEvkycARC,91761000000000
5DhdSaV2hnLw5ELKSDNDeX57nW3vXVzBy2KkheQ3QxGH4kBF,577089000000000
5GeZKc1w2wSZt3ppxkWfzVESQBfbB1kcp7BfpYY7dSYp36dm,105069000000000
5HjgWVF8CuP3xMsBmg4SKfK8Wvbhi6xoREs63YKfwZMAqy2r,10000000000
5FuioekdDLj47wAn7dtS4FNrgNFx7jZmpmYoGAd2sVLe5fUM,10000000000
5HWeB3R5duTWeagkZbFwkFbyHvdjtothCrnnkzFihx258HGA,10000000000
5GzuJ5s69eQnK7nV78RZ2dSx6XvX3vJAq15iE6hn2TnywinK,10000000000
5E5E5E7DDrFKaYGDzRiUEw3QLMKQn3y8HXs7wkBUWLqPswnr,10000000000
5DksjtJER6oLDWkWKCWcL3f1swPWeNNFsS9zHxa2rPa7LsH9,10000000000
5FewwTKL17XUcLzP8CaWPGaaRp9XAVUHnpnePPQXz7g9uFyA,10000000000
5Ea2NENQNJ3WxdLJdwz3hoz9t1XwArKgNX3PbcMkNHvejuKi,10000000000
5HNjzxkLkDgYfqxDAtRbcp3MBs4ipM4vsazfrDVvx73Matub,10000000000
5GNikVABwUboVJXx4Q2885EYTW6LiMABY44X8AAUEVdJFPGe,10000000000
5CfPd7ai9nVZ8nw5coWxhFnVvoegEZV8Tc2UFF3992vbYZVi,10000000000
5CtB3mSM83bjwtr1yVpgvuN8Z7yAXrLgWNdZHp1uuGBmmCwA,10000000000
5ChdnVmohtobu8LKJ8bgKuJtwrajpekXfDpVi62JRiuELc7b,10000000000
5DhTtXUbtwgc1LGUCpqWWqbo69KsnqpsK8y7PHdSHcA67m6S,10000000000
5CGDPdvGdPfE41WifjfYrMQzaApj3w9qPohTdUDfBYoDBJ9r,10000000000
5CoRhU6Dg5r9h5XSpixzVRNtPxx7yLXr8J11xQzDGpHVAh8V,10000000000
5ChkhkB4XUVTXtDmABNYBwvVWj3tAb75usWnEiL41Tf74sGi,10000000000
5GRB3c82nCETdfWjBkgSJmHHmuRFX9PbSdNRrTCT57QzJqrV,10000000000
5Hq32uobz68LmNwio2a2JaW4x5KtH4thYJpEwaXTojkmMPHU,10000000000
5FnVdsEyKhxwKh3JTVbGsH9dagPvzrPXQxp5LaZfp77BwqDn,10000000000
5CPHZjZx8mDsUmZRoVxkup9LX4PuK7RAAUNRFzqUa7ssLT13,10000000000
5CkN2reyVMm5QPJTMWEYr2YcXNh9qHYm25qNMiG6zG2L9Xyg,10000000000
5C7eh6vpGQe3iLCJuczk8HdBrTdfeP1RZHgqGnrVRioSTbL4,10000000000
5CP7Y2jy2JsAtpdzc9EkjAq5CJJuG2FCaATfRLLT4nBkUc7f,10000000000
5DUzmH6bwasmyYeK4ttD1xJebfqDM1d4XWPa5ALGGUBmNG91,10000000000
5CwixAZGQ1nVBQsEKnxKnaHYG86k8YtV5yZRztQ54DHbRuuL,10000000000
5G435eyLVdCUMAxC5WKUW6mL1s6sRs3C541jqLFzsehaLgMG,10000000000
5DSZQGKKSAVyrkVZgQoGVzu512bxQdf2u3rivCA3kLYDxTrb,10000000000
5H13Ls5oV6ykcgqnRizsXmLp8LAjyFwWLNJrewePLKfhSUef,10000000000
5G6GU1xmqxmLmPQ2L9pXtqNiRdcGG31cbq63mf3TU7Z4BPDU,10000000000
5HjkLotbakyFvMucDFd6hCx9E1tedWE7hr6sgXXcQHVsqXvX,10000000000
5G1xLS3RaDU42N22WAerHmx6k8vn9urhvvzXGXf2U9E6xXjE,10000000000
5EThibWhCJYc7vk8cxtPtqMCtPTsdLokQRfLWiPUHAkWeoap,10000000000
5Enwru8EjKumZCpggAZsMhnckgH7Dd2Hp4zeZnySkVHeqadK,10000000000
5ESBQKHfDnpHUY7mAvGPmsyEEx44Y1M1dYqWJf4ZE2DBN8VH,10000000000
5FusL1pDQjh6ZsjtZRmu4gKQqtKZzd9QCr4MeGBbyEEPsVaP,10000000000
5Ckizn88uCnT7FYzozNnCUaz43WgPEmkLfmZSENTT5FEVBDW,500010000000000
5ES5VDXJPqpGxiwYEFHWfPDa2t22JBMWxhcYBubRhy3uUpE7,10000000000
5G7Dp1Q8zhkJBxd6BdwVRSwgVXcn1ELij6yqY2urPsbLUPMc,10000000000
5H1Lm6uPmvNnJjn9tFEtuPUi2NWr4VVoJzxzfyTRuym9xyJx,10000000000
5C4pSVPFomRQSQ4wfwvYzMsbZjaWwXHkCh2CHmRGdev4eP1f,10000000000
5CAWmjDvXUxrwThznrsMy5WwpH714NwJcMirqXQifLXQw4Li,10000000000
5HNNjonNAftjHTToLpf5iyYeir2NDYnBdcRiwyJkP4Ra76QW,10000000000
5DGYznhzwbykniw4cM4URn7h9CA3NWcrFBeXTyvZWKggp79z,10000000000000
5Gy3Gzb7sYDjDw8qGE96dmcAEjab6LkYdUEeKVDtnuy19yng,555200000000000
5GfWeNe33QeyzVMV2uENuvSXLVfVXCiuLvfEP6WCDHADZdah,90000000000000
5H5pthFTTvDgRZotiGJF7cpBFPX9hr2CFYJ6XMSi4LrPPVy1,238000000000000
5DhSBq4Uqvpdn3u6qfUjMoCQfAP9efWG8gErW6BnXdNVXFZk,1695600000000000
5FxcqzNCb2wJE5xQ4ZydBSGS3hFvXkthye5NvnjwivPvraz1,41666667000000000
5DCrtMvCAfLdvVdVnuRbreATVgUWi1BMLNcV8fVUUDk4VX34,62500000000000000
5CFRXBqNKSiWf1goRU55FKH2rLuNRqQiiWmfq3sxtBmVNobA,9722223000000000
5FFY3dMd25tuXuQ3eYPzepQiCp77X5RT1sM5FwPm5VL4YnN9,55555556000000000
5FEcjNnotiRQhUHAnh1ZroTRyhcZhZM3PHtgSSBtbbrZrS6s,10000000000000000
5CrbXJCLWdyuR9jo7yZwux8otHDj5G2okgdsnREtggjF6cTL,5060000000000000
5HEWJfsZHrCXSvmRp8wWww3rZtiEwsUFWhUJqZbAQKvVtucw,2083334000000000
5HQeks2MzaCpnPM9aj3K3rZtxy7BF3cZiBkPSsdPLAuHKLgq,2380953000000000
5HW2ejQr4hQCiKkbkHkL1UnXecCNu1wXVtZqFhZFWcyHQK5P,25000000000000000
5HHFnHkpcZKnyHKcbMgLtK3kd3uuf9w6ma4wghVT57RxNbqF,20000000000000000
5EnpY91B6rgggnHAiTa72F6TKjtKaY29L6TK4DHNcg6oredv,1400000000000000
5DG7gBKKgsrVMM6pPSKsmCUHdAfu5pB8e5jkDnFHZcAXJSwN,1400000000000000
5FZhS6YoSj98ZNuAEiask5pPP6on7r9gLnjFVaD6f5gzN9qP,3480000000000000
5G13vQ2BdyvPw9ukW5U1WXKH57oNE13xwFP7khNmg2UQBb1B,2800000000000000
5F9kR4oQCrKykVyrJR6RfCECgnC795sZsoAyxVxLaX9cmWwh,3500000000000000
5H6f8Ns4sowJHvz45v2rpH2BJ3uQ3hZj38CkjtHTLzwFFtLq,5000000000000000
5DXu2EQPLoz4U1qxQsgGtLi1jurCjpLZ3GgTKBjZCzQfSwAb,10225000000000000
5ENxo5vnY5fgWcShFuMY3MDR2c1AHJDbyXzguT5axwLpckid,1900000000000000
5GCKVZbT7XBXp1RPU5BWroUJvKx5bbAwdun8qxzsNcNtFZhL,1182000000000000
5EpjwYXDAAVc1TxbhGGkWBofmYRmy6W3pBrMYo7py2gcCPxF,997730000000000
5H1nu1NDsCMbPVHeGrt6ARQfvXDm4rxXhroFne5QAyY6tMEE,210630000000000
5DdZGXMN8S5BWmh3b6Tr5E6D3E9fBQ1gzZ2Hyz2LUGrLzCkt,119000000000000
5CcLdAtwmXkpBdnXwZVijmBSZSQrHvFvE3GAdr7DkfoZFxqb,50000000000000000
5DPrBhsuYfKxSr4SdWCyWtAUAVmBeUropsskMfT9jQbnbUB3,2500000000000000
5D4yQHKfqCQYThhHmTfN1JEDi47uyDJc1xg9eZfAG1R7FC7J,6050000000000000
5DUWWYNwtmHg54Hh8NvgtKCx1pcRPLEy4oTL5gxa4bJaVtoQ,300000000000000
5DDAAFsx2u2AcJyFdxQ6qXkB9tAC9fp385CPedWia2CwTq6V,10379170000000000
5Ek4Adg62fpzSgysvDfFKte6sBafhDqBqfN9FLm8YiwKwSgf,3000000000000000
5HeAYjXFNWrGmTnH35CuivoExNLFrHoeWf5CaQTWHM5qPxRW,2000000000000000
5G67ywUJtakaoiFGLh3nkLWpRKuRSJD8xefQWbE9ayj8MKZg,30000000000000000
5DLfWrCENhBqZiotsCqCCqFGjQbpMFL84hsW6VMFgkc4WMN6,30000000000000000
5H194pXwt2XnBYCxdMuoFEE6ThBFd415m2y6Zvj6iaBaFu6j,30000000000000000
5DFS16oT8e5Fmc6bVuYUk5CaoojSB2GtyJb5gzPGqGbRFwvS,25000000000000000
5DD92VrRqWmC6cqBVHZe6kndtLKazXUnsU1x38Kh6qrUdnqV,10000000000000000
5HhBHJSpLYP3xmuVCoKzdHLQJ6X5fTj3sNhEmYfAFQpmVYht,50000000000000000
5G467BYhWhfDF3SBnpZPjQkHFrrjzAUtFnc4dUHjpLsqSdP4,50000000000000000
5ENfeys5pdg1o5fyyX87w5xuh9gPFM396Ad5ZmbfgbLk8NC3,50000000000000000
5G23zJZtiMFhrcWyjbvMDeNrBmsEkU6M5BHWzYGbDATT6u1n,50000000000000000
5CY6x7asRgAoLVPFggwuBxhp5p332YixdKSnKWu3pP31Cee4,62500000000000000
5DHsBhhkEh6qTiAnmJq7QT8hxywnT8osGvML8vXHoRKu7afP,11061100000000000
5FTYxtT581CVdxTFXE5BhqXg45DJCZstT1iG5djwCMbUanwL,26315790000000000
5C7YSMxbg49dpz7JnKiF5dMudbqTu1ipuCfeiVqdZqSqfJxe,500000000000000
5DhgKm3m7Yead8oaH7ANKhvQzAqoEexnEJTzBkqh9kYf47ou,500000000000000
5Gdgmo5xrYGcb9aqyEh6v6kg6fPqgTBRS4o4W47pBHs2NVfw,5000000000000000
5DSYcgpHQVFg1eUbRvf2GdEEV9ztnuumiSNhAMvj26X9xaUr,5000000000000000
5FvZSkco4qDiQEQfLCiCMY9bpZ3z4cTrvLd7iQQY9yCTE4UB,8000000000000000
5HokzQmEBzguWPrBPhZLRZwPHRaSNqqRBenKM2eaifsiBSNQ,12500000000000000
5HKH6Dott9mkGNgzhTrVZRJ6yLERLhUujNJDvc1ewidc4fFL,12500000000000000
5DNqeZKC9CnkiTkJkpfqYW2PWKSDJSx1TpYiSDMDA762N3K1,25000000000000000
5GzuBCEbsdrPyphLrpcf32AhcYuqYz745NGJosPfkJK6SfuN,25000000000000000
5Fuqct7931QkrBY2fBRB1c2BSoqeUwshbW7FF6zRGD8pseb1,25000000000000000
5DUX6cawTC3NGKyaXJ1koD85RpH2yUJinHocKHP4p2Kb3n3V,28000000000000000
5G3me8Vvjgt8QL9inxouzhvx2dah9dHxjHitdjscw8hXYn7d,28000000000000000
5HHBUyiF1HJtLYxgKo5Nu899eqFTzPRSg3ZiQ9RzDEtKzFE3,32000000000000000
5GNokJigEsHnXsA5BAGvHEzLYv7DfZX732PTrkvyBb9B3E4n,45000000000000000
5HpnZNswqgY69prBahfkRaDmSocz4sST9EjECYy5VZ1dq5xz,50000000000000000
5DEvUqvf6qSHaGFm8kt5YTD5GyEZ9To2UVPiobF7XWEVRmL1,50000000000000000
5H5rSfAVnSzCNo4QZBrowCCz9fRVvjuhWsts7J9rYHLu77f5,50000000000000000
5CAFGfVknCReez6pA2RsFUEyZRjqb6eUDHq6Vz6xxeyovjiR,50000000000000000
5DssrpE5xV9jWQyhcfHvaqPSRnnVMNmuvMFyU7wDLvjrcgzq,50000000000000000
5HBJ5eARFdA19orPu8i84Ms5zwU7dE7Wnkc92oDCmWtRCB55,57000000000000000
5FXFUskiETSMiqLzeqf62Dqx6PAyk4CaxEV9egSrVdew5GwS,60000000000000000
5Gh65Lk9dGcG12rJmf32L5HjaaNBZa4LmBMLiT2NCZVTu26s,70000000000000000
5GYUNkqs6gWBi5xxvvG2vBry6o2oLduFXSvTQCwjxF9nhREe,75000000000000000
